flux-commands	code-link	example
add-oreaggregation	https://github.com/metafacture/metafacture-core/blob/398599cee058972c25fa20b24ab56103d4930379/metafacture-linkeddata/src/main/java/org/metafacture/linkeddata/OreAggregationAdder.java
add-preamble-epilogue	https://github.com/metafacture/metafacture-core/blob/398599cee058972c25fa20b24ab56103d4930379/metafacture-formatting/src/main/java/org/metafacture/formatting/PreambleEpilogueAdder.java	https://metafacture.org/playground/?flux=inputFile%0A%7C+open-file%0A%7Cas-lines%0A%7Cadd-preamble-epilogue+%28preamble%3D%22This+is+a+preamble%21%22%2C+epilogue%3D%22This+is+a+epilogue%21%22%29%0A%7Cprint%0A%3B&data=1%7Ba%3A+Faust%2C+b+%7Bn%3A+Goethe%2C+v%3A+JW%7D%2C+c%3A+Weimar%7D%0A2%7Ba%3A+R%C3%A4uber%2C+b+%7Bn%3A+Schiller%2C+v%3A+F%7D%2C+c%3A+Weimar%7D&active-editor=fix
as-formeta-records	https://github.com/metafacture/metafacture-core/blob/bec0ebfe4784f2cfba084271cac736b5429a9323/metafacture-formeta/src/main/java/org/metafacture/formeta/FormetaRecordsReader.java	https://metafacture.org/playground/?flux=inputFile%0A%7C+open-file%0A%7Cas-formeta-records%0A%7Cdecode-formeta%0A%7Cencode-yaml%0A%7Cprint%0A%3B&data=1%7Ba%3A+Faust%2C+b+%7Bn%3A+Goethe%2C+v%3A+JW%7D%2C+c%3A+Weimar%7D%0A2%7Ba%3A+R%C3%A4uber%2C+b+%7Bn%3A+Schiller%2C+v%3A+F%7D%2C+c%3A+Weimar%7D&active-editor=fix
as-lines	https://github.com/metafacture/metafacture-core/blob/398599cee058972c25fa20b24ab56103d4930379/metafacture-io/src/main/java/org/metafacture/io/LineReader.java	https://metafacture.org/playground/?flux=inputFile%0A%7C+open-file%0A%7C+as-lines%0A%7C+decode-pica%0A%7C+encode-json%28prettyPrinting%3D%22true%22%29%0A%7C+print%3B&data=001@+%1Fa5%1F01-2%1E001A+%1F01100%3A15-10-94%1E001B+%1F09999%3A12-06-06%1Ft16%3A10%3A17.000%1E001D+%1F09999%3A99-99-99%1E001U+%1F0utf8%1E001X+%1F00%1E002@+%1F0Aag%1E003@+%1F0482147350%1E006U+%1F094%2CP05%1E007E+%1F0U+70.16407%1E007I+%1FSo%1F074057548%1E011@+%1Fa1970%1E017A+%1Farh%1E021A+%1FaDie+@Berufsfreiheit+der+Arbeitnehmer+und+ihre+Ausgestaltung+in+vo%CC%88lkerrechtlichen+Vertra%CC%88gen%1FdEine+Grundrechtsbetrachtg%1E028A+%1F9106884905%1F7Tn3%1FAgnd%1F0106884905%1FaProjahn%1FdHorst+D.%1E033A+%1FpWu%CC%88rzburg%1E034D+%1FaXXXVIII%2C+165+S.%1E034I+%1Fa8%1E037C+%1FaWu%CC%88rzburg%2C+Jur.+F.%2C+Diss.+v.+7.+Aug.+1970%1E%0A001@+%1F01%1Fa5%1E001A+%1F01140%3A08-12-99%1E001B+%1F09999%3A05-01-08%1Ft22%3A57%3A29.000%1E001D+%1F09999%3A99-99-99%1E001U+%1F0utf8%1E001X+%1F00%1E002@+%1F0Aa%1E003@+%1F0958090564%1E004A+%1Ffkart.+%3A+DM+9.70%2C+EUR+4.94%2C+sfr+8.00%2C+S+68.00%1E006U+%1F000%2CB05%2C0285%1E007I+%1FSo%1F076088278%1E011@+%1Fa1999%1E017A+%1Farb%1Fasi%1E019@+%1FaXA-AT%1E021A+%1FaZukunft+Bildung%1FhPolitische+Akademie.+%5BHrsg.+von+Gu%CC%88nther+R.+Burkert-Dottolo+und+Bernhard+Moser%5D%1E028C+%1F9130681849%1F7Tp1%1FVpiz%1FAgnd%1F0130681849%1FE1952%1FaBurkert%1FdGu%CC%88nther+R.%1FBHrsg.%1E033A+%1FpWien%1FnPolit.+Akad.%1E034D+%1Fa79+S.%1E034I+%1Fa24+cm%1E036F+%1Fx299+12%1F9551720077%1FgAdn%1F7Tb1%1FAgnd%1F01040469-7%1FaPolitische+Akademie%1FgWien%1FYPA-Information%1FhPolitische+Akademie%2C+WB%1FpWien%1FJPolitische+Akad.%2C+WB%1Fl99%2C2%1E036F/01+%1Fx12%1F9025841467%1FgAdvz%1Fi2142105-5%1FYAktuelle+Fragen+der+Politik%1FhPolitische+Akademie%1FpWien%1FJPolitische+Akad.+der+O%CC%88VP%1FlBd.+2%1E045E+%1Fa22%1Fd18%1Fm370%1E047A+%1FSFE%1Fata%1E%0A001@+%1Fa5%1F01%1E001A+%1F01140%3A19-02-03%1E001B+%1F09999%3A19-06-11%1Ft01%3A20%3A13.000%1E001D+%1F09999%3A26-04-03%1E001U+%1F0utf8%1E001X+%1F00%1E002@+%1F0Aal%1E003@+%1F0361809549%1E004A+%1FfHlw.%1E006U+%1F000%2CL01%1E006U+%1F004%2CP01-s-41%1E006U+%1F004%2CP01-f-21%1E007G+%1FaDNB%1F0361809549%1E007I+%1FSo%1F072658383%1E007M+%1F04413/0275%1E011@+%1Fa1925%1E019@+%1FaXA-DXDE%1FaXA-DE%1E021A+%1FaHundert+Jahre+Buchdrucker-Innung+Hamburg%1FdWesen+u.+Werden+d.+Vereinigungen+Hamburger+Buchdruckereibesitzer+1825-1925+%3B+Gedenkschrift+zur+100.+Wiederkehr+d.+Gru%CC%88ndungstages%2C+verf.+im+Auftr.+d.+Vorstandes+d.+Buchdrucker-Innung+%28Freie+Innung%29+zu+Hamburg%1FhFriedrich+Voeltzer%1E028A+%1F9101386281%1F7Tp1%1FVpiz%1FAgnd%1F0101386281%1FE1895%1FaVo%CC%88ltzer%1FdFriedrich%1E033A+%1FpHamburg%1FnBuchdrucker-Innung+%28Freie+Innung%29%1E033A+%1FpHamburg%1Fn%5BVerlagsbuchh.+Broschek+%26+Co.%5D%1E034D+%1Fa44+S.%1E034I+%1Fa4%1E%0A001@+%1Fa5%1F01-3%1E001A+%1F01240%3A01-08-95%1E001B+%1F09999%3A24-09-10%1Ft17%3A42%3A20.000%1E001D+%1F09999%3A99-99-99%1E001U+%1F0utf8%1E001X+%1F00%1E002@+%1F0Af%1E003@+%1F0945184085%1E004A+%1F03-89007-044-2%1FfGewebe+%3A+DM+198.00%2C+sfr+198.00%2C+S+1386.00%1E006T+%1F095%2CN35%2C0856%1E006U+%1F095%2CA48%2C1186%1E006U+%1F010%2CP01%1E007I+%1FSo%1F061975997%1E011@+%1Fa1995%1E017A+%1Fara%1E021A+%1Fx213%1F9550711899%1FYNeues+Handbuch+der+Musikwissenschaft%1Fhhrsg.+von+Carl+Dahlhaus.+Fortgef.+von+Hermann+Danuser%1FpLaaber%1FJLaaber-Verl.%1FS48%1F03-89007-030-2%1FgAc%1E021B+%1FlBd.+13.%1FaRegister%1Fhzsgest.+von+Hans-Joachim+Hinrichsen%1E028C+%1F9121445453%1F7Tp3%1FVpiz%1FAgnd%1F0121445453%1FE1952%1FaHinrichsen%1FdHans-Joachim%1E034D+%1FaVIII%2C+408+S.%1E045V+%1F9090001001%1E047A+%1FSFE%1Fagb/fm%1E%0A001@+%1F01-2%1Fa5%1E001A+%1F01239%3A18-08-11%1E001B+%1F09999%3A05-09-11%1Ft23%3A31%3A44.000%1E001D+%1F01240%3A30-08-11%1E001U+%1F0utf8%1E001X+%1F00%1E002@+%1F0Af%1E003@+%1F01014417392%1E004A+%1Ffkart.%1E006U+%1F011%2CA37%1E007G+%1FaDNB%1F01014417392%1E007I+%1FSo%1F0752937239%1E010@+%1Fager%1E011@+%1Fa2011%1E017A+%1Fara%1Fasf%1E021A+%1Fxtr%1F91014809657%1F7Tp3%1FVpiz%1FAgnd%1F01034622773%1FE1958%1FaLu%CC%88beck%1FdMonika%1FYPersonalwirtschaft+mit+DATEV%1FhMonika+Lu%CC%88beck+%3B+Helmut+Lu%CC%88beck%1FpBodenheim%1FpWien%1FJHerdt%1FRXA-DE%1FS650%1FgAc%1E021B+%1FlTrainerbd.%1E032@+%1Fg11%1Fa1.+Ausg.%1E034D+%1Fa129+S.%1E034M+%1FaIll.%1E047A+%1FSFE%1Famar%1E047A+%1FSERW%1Fasal%1E047I+%1Fu%24%1Fc04%1FdDNB%1Fe1%1E&active-editor=fix	
as-records	https://github.com/metafacture/metafacture-core/blob/63496ad14fe988b18acaca90b51f4f3154dbc4c7/metafacture-io/src/main/java/org/metafacture/io/RecordReader.java	???
batch-log	https://github.com/metafacture/metafacture-core/blob/398599cee058972c25fa20b24ab56103d4930379/metafacture-monitoring/src/main/java/org/metafacture/monitoring/StreamBatchLogger.java	https://metafacture.org/playground/?flux=%22https%3A//github.com/hbz/metafacture-flux-examples/blob/master/sample4/bib-data.pica%3Fraw%3Dtrue%22%0A%7C+open-http%0A%7C+as-lines%0A%7C+decode-pica%0A//+This+cannot+be+shown+by+the+Playground.+Since+it+outputs+to+stoud%3F%0A%7C+batch-log%28batchsize%3D%2220%22%29%0A%7C+encode-json%0A%7C+print%0A%3B&active-editor=fix
batch-reset	https://github.com/metafacture/metafacture-core/blob/398599cee058972c25fa20b24ab56103d4930379/metafacture-flowcontrol/src/main/java/org/metafacture/flowcontrol/StreamBatchResetter.java
calculate-metrics	https://github.com/metafacture/metafacture-core/blob/ef337bc218095512730bcfb1fa68eacca22a7b93/metafacture-statistics/src/main/java/org/metafacture/statistics/CooccurrenceMetricCalculator.java
catch-object-exception	https://github.com/metafacture/metafacture-core/blob/63496ad14fe988b18acaca90b51f4f3154dbc4c7/metafacture-flowcontrol/src/main/java/org/metafacture/flowcontrol/ObjectExceptionCatcher.java
catch-stream-exception	https://github.com/metafacture/metafacture-core/blob/398599cee058972c25fa20b24ab56103d4930379/metafacture-flowcontrol/src/main/java/org/metafacture/flowcontrol/StreamExceptionCatcher.java
change-id	https://github.com/metafacture/metafacture-core/blob/53b322f688bb093222706a911ea42d75ffaf3d90/metafacture-mangling/src/main/java/org/metafacture/mangling/RecordIdChanger.java	https://metafacture.org/playground/?flux=%22https%3A//lobid.org/gnd/search%3Ffilter%3D%252B%2528type%253APerson%2529%2B%252B%2528type%253AGods%2529%22%0A%7C+open-http%28accept%3D%22application/json%22%29%0A%7C+as-records%0A%7C+decode-json%28recordPath%3D%22member%22%29%0A%7C+fix%0A%7C+change-id%0A%7C+encode-formeta%0A%7C+print%3B&fix=copy_field%28%22preferredName%22%2C+%22name%22%29%0Acopy_field%28%22gndIdentifier%22%2C%22_id%22%29%0Aretain%28%22name%22%2C+%22id%22%2C%22_id%22%29&active-editor=fix
collect-triples	https://github.com/metafacture/metafacture-core/blob/398599cee058972c25fa20b24ab56103d4930379/metafacture-triples/src/main/java/org/metafacture/triples/TripleCollect.java	https://metafacture.org/playground/?flux=inputFile%0A%7C+open-file%0A%7C+as-lines%0A%7C+decode-pica%0A%7C+stream-to-triples%0A%7C+@X%3B%0A%0A%22https%3A//raw.githubusercontent.com/hbz/metafacture-flux-examples/master/sample6/wiki-persons.foma%22%0A%7C+open-http%0A%7C+as-lines%0A%7C+decode-formeta%0A%7C+fix%0A%7C+stream-to-triples%28redirect%3D%22true%22%29%0A%7C+@X%3B%0A%0A@X%0A%7C+wait-for-inputs%28%222%22%29%0A%7C+sort-triples%28by%3D%22subject%22%29%0A%7C+collect-triples%0A%7C+encode-json%28prettyPrinting%3D%22true%22%29%0A%7C+print%3B%0A%0A%0A%0A%0A&fix=copy_field%28%27gnd%27%2C+%27_id%27%29&data=001A+%1F01250%3A01-07-88%1E001B+%1F01140%3A26-07-13%1Ft08%3A58%3A08.000%1E001D+%1F01220%3A16-06-08%1E001U+%1F0utf8%1E001X+%1F00%1E002@+%1F0Tp1%1E003@+%1F0118514768%1E003U+%1Fahttp%3A//d-nb.info/gnd/118514768%1Fzhttp%3A//d-nb.info/gnd/1022091077%1E004B+%1Fapip%1E007K+%1Fagnd%1F0118514768%1E007N+%1Fagnd%1F01022091077%1E007N+%1Fapnd%1F0118514768%1Fvzg%1E007N+%1Fapnd%1F0141399074%1E007N+%1Fapnd%1F0139089691%1E007N+%1Fapnd%1F0141300248%1E007N+%1Fapnd%1F0136949541%1E007N+%1Fapnd%1F0134336232%1E007N+%1Fapnd%1F012794544X%1E007N+%1Fapnd%1F012736630X%1E007N+%1Fapnd%1F012722811X%1E008A+%1Faf%1Fas%1Faz%1Fam%1Fah%1E008B+%1Fav%1Faw%1Fak%1Fam%1Fae%1Faz%1Fah%1E028@+%1FdBecton%1FaBre%CC%82cht%1E028@+%1FdBert%1FaBrecht%1E028@+%1FdBertol%CA%B9%1FaBrecht%1E028@+%1FdBerthold%1FaBrecht%1E028@+%1FdBertholt%1FaBrecht%1E028@+%1FdBertold%1FaBrecht%1E028@+%1FdB.%1FaBrecht%1E028@+%1FdEugen+Berthold+Friedrich%1FaBrecht%1FvGeburtsname%1E028@+%1Fd...%1FaBrecht%1E028@+%1Fd...%1FaBrecht-Eisler%1FvScheinbarer+Doppelname%1E028@+%1FdBertolt%1FaBecht%1E028@+%1FPBeituo%27erte-Bulaixite%1E028@+%1FdB.%1FaBerchito%1E028@+%1FdB.%1FaBrechtas%1E028@+%1FdBertolts%1FaBrechts%1E028@+%1FdBerd%1FaBrehd%1E028@+%1FdBertolt%1FaBreht%1E028@+%1FdBertolts%1FaBrehts%1E028@+%1FdBa%CC%84rt%CC%A3olt%CC%A3%1FaBrek%CC%A3ht%CC%A3%1E028@+%1FdBert%CC%A3olt%CC%A3%1FaBrekt%1E028@+%1FdBert%CC%A3o%CC%84lt%CC%A3%1FaBrekt%CC%A3%1E028@+%1FdBert%CC%A3o%CC%82lt%CC%A3%1FaBrek%CC%A3t%CC%A3%1E028@+%1FdBert%CC%A3alt%CC%A3a%1FaBres%CC%81t%CC%A3%1E028@+%1FdBart%CC%A3olt%CC%A3a%1FaBres%CC%A3t%CC%A3a%1E028@+%1FdBartu%CC%84lt%1FaBris%CC%8Ct%1E028@+%1FdBirtu%CC%84ld%1FaBris%CC%8Ct%1E028@+%1FdBirtult%1FaBris%CC%8Ct%1E028@+%1FdBerutorutu%1FaBuchito%1E028@+%1FdBeituo%27erte%1FaBulaixite%1E028@+%1Fd...%1FaBulaixite%1E028@+%1FdBerutoruto%1FaBurehito%1E028@+%1Fd...%1FaBurehito%1E028@+%1FPB.+B.%1E028@+%1FdBerthold%1FaLarsen%1F4pseu%1E028@+%1FdMpertolt%1FaMprecht%1E028@+%1Fd...%1FaMprecht%1E028@+%1FdPeit%27oc%CC%82rht%27e%CC%82%1FaPulaihsit%27e%CC%82%1E028@+%1Fd...%1FaPulaihsit%27e%CC%82%1E028@+%1FdPeo%CC%86t%27olt%27u%CC%86%1FaPu%CC%86rehit%27u%CC%86%1E028@+%1FdBeo%CC%86t%27olt%27u%CC%86%1FaBu%CC%86rehit%27u%CC%86%1E028@+%1FT01%1FUArab%1FP%D8%A8%D8%B1%D8%B4%D8%AA%D8%8C+%D8%A8%D8%B1%D8%AA%D9%88%D9%84%D8%AF%1F5DE-576%1E028@+%1FT01%1FUKore%1Fd%E1%84%87%E1%85%A6%E1%84%85%E1%85%B3%E1%84%90%E1%85%A9%E1%86%AF%E1%84%90%E1%85%B3%1Fa%E1%84%87%E1%85%B3%E1%84%85%E1%85%A6%E1%84%92%E1%85%B5%E1%84%90%E1%85%B3%1F5DE-576%1E028@+%1FT01%1FUHebr%1Fd%D7%91%D7%A8%D7%98%D7%95%D7%9C%D7%98%1Fa%D7%91%D7%A8%D7%9B%D7%98%1F5DE-576%1E028@+%1FT01%1FUHans%1FP%E8%B4%9D%C2%B7%E5%B8%83%E8%8E%B1%E5%B8%8C%E7%89%B9%1F5DE-576%1E028@+%1FT01%1FUHans%1Fd%E8%B4%9D%1Fa%E5%B8%83%E8%8E%B1%E5%B8%8C%E7%89%B9%1F5DE-576%1E028@+%1FT01%1FUJpan%1Fd%E3%83%98%E3%82%99%E3%83%AB%E3%83%88%E3%83%AB%E3%83%88%1Fa%E3%83%95%E3%82%99%E3%83%AC%E3%83%92%E3%83%88%1F5DE-576%1E028A+%1FdBertolt%1FaBrecht%1E028P+%1FdBertolt%1FaBrecht%1Fv1898-1956%1E028P+%1FT01%1FUHant%1FP%E5%B8%83%E8%90%8A%E5%B8%8C%E7%89%B9%1F5DE-603%1E028R+%1F9121608557%1F7Tp1%1FVpiz%1FAgnd%1F0121608557%1FE1869%1FB1939%1FaBrecht%1FdBerthold+Friedrich%1F4bezf%1FvVater%1E028R+%1F9119056011%1F7Tp1%1FVpiz%1FAgnd%1F0119056011%1FE1901%1FaBanholzer%1FdPaula%1F4bezf%1FvFru%CC%88he+Geliebte%1E028R+%1F9118738348%1F7Tp1%1FVpiz%1FAgnd%1F0118738348%1FE1900%1FB1942%1FaNeher%1FdCarola%1F4bezf%1FvFru%CC%88he+Geliebte%1E028R+%1F9137070411%1F7Tp1%1FVpiz%1FAgnd%1F0137070411%1FE1919%1FB1943%1FaBanholzer%1FdFrank%1F4bezf%1FvUnehelicher+Sohn%1E028R+%1F9118809849%1F7Tp1%1FVpiz%1FAgnd%1F0118809849%1FE1906%1FB1974%1FaBerlau%1FdRuth%1F4bezf%1FvLangja%CC%88hrige+Geliebte%1E028R+%1F9119027615%1F7Tp1%1FVpiz%1FAgnd%1F0119027615%1FE1908%1FB1941%1FaSteffin%1FdMargarete%1F4bezf%1FvGeliebte%1E028R+%1F9118940163%1F7Tp1%1FVpiz%1FAgnd%1F0118940163%1FE1893%1FB1984%1FaZoff%1FdMarianne%1F4bezf%1Fv1.+Ehefrau%1E028R+%1F9118630091%1F7Tp1%1FVpiz%1FAgnd%1F0118630091%1FE1900%1FB1971%1FaWeigel%1FdHelene%1F4bezf%1Fv2.+Ehefrau%1E028R+%1F9123783283%1F7Tp1%1FVpiz%1FAgnd%1F0123783283%1FE1926%1FB2012%1FaReichel%1FdKa%CC%88the%1F4bezf%1FvSpa%CC%88te+Geliebte%1E028R+%1F9118940155%1F7Tp1%1FVpiz%1FAgnd%1F0118940155%1FE1923%1FB2009%1FaHiob%1FdHanne%1F4bezf%1FvTochter%1E028R+%1F9110005449%1F7Tp1%1FVpiz%1FAgnd%1F0110005449%1FE1924%1FB2009%1FaBrecht%1FdStefan%1F4bezf%1FvSohn%1E028R+%1F913612495X%1F7Tp1%1FVpiz%1FAgnd%1F013612495X%1FE1930%1FaBrecht-Schall%1FdBarbara%1F4bezf%1FvTochter%1E028R+%1F9123757398%1F7Tp1%1FVpiz%1FAgnd%1F0123757398%1FE1930%1FB2005%1FaSchall%1FdEkkehard%1F4bezf%1FvSchwiegersohn%1E028R+%1F91030496250%1F7Tp1%1FVpiz%1FAgnd%1F01030496250%1FE1842%1FB1922%1FaBrezing%1FdJoseph+Friedrich%1F4bezf%1FvGro%C3%9Fvater%1E028R+%1F91030496366%1F7Tp1%1FVpiz%1FAgnd%1F01030496366%1FE1838%1FB1916%1FaBrezing%1FdFriederike%1F4bezf%1FvGro%C3%9Fmutter%1E032T+%1Fam%1E041R+%1F9040533093%1F7Ts1%1FVsaz%1FAgnd%1F04053309-8%1FaSchriftsteller%1F4berc%1E041R+%1F904185053X%1F7Ts1%1FVsaz%1FAgnd%1F04185053-1%1FaTheaterregisseur%1F4beru%1E041R+%1F9041402413%1F7Ts1%1FVsaz%1FAgnd%1F04140241-8%1FaDramatiker%1F4beru%1E041R+%1F9040521540%1F7Ts1%1FAgnd%1F04052154-0%1FaSchauspieler%1F4beru%1E041R+%1F9041683919%1F7Ts1%1FAgnd%1F04168391-2%1FaLyriker%1F4beru%1E041R+%1Fas%1F4funk%1E041R+%1Fai%1F4funk%1E041R+%1FaSprechst.%1F4istr%1E041R+%1FaGsg.%1F4funk%1E041R+%1FaText%1F4funk%1E042A+%1Fa12.2p%1Fa15.1p%1E042B+%1FaXA-DE%1E042C+%1Fager%1E047A/03+%1FeDE-101%1E047A/03+%1FrDE-101%1E047C+%1FSpnd%1Fia%1FaBrecht%2C+Bertolt%1F0118514768%1E050C+%1Fa7%1E050C+%1Fa12%1E050C+%1FaLABI-BW-WLB%1E050E+%1FaLCAuth%1E050E+%1FaB+1986%1E050E+%1FaBiogr.+H+Emigr.%1E050E+%1FaLandesbibliographie%1E050E+%1FaArchiv+der+American+Guild+for+German+Cultural+Freedom%2C+New+York+im+Deutschen+Exilarchiv+1933+%E2%80%93+1945%1E060R+%1Fa1898%1Fb1956%1F4datl%1E060R+%1Fa10.02.1898%1Fb14.08.1956%1F4datx%1E065R+%1F9040036146%1F7Tg1%1FVgik%1FAgnd%1F04003614-5%1FaAugsburg%1F4ortg%1E065R+%1F9040057283%1F7Tg1%1FVgik%1FAgnd%1F04005728-8%1FaBerlin%1F4orts%1E065R+%1F9040108775%1F7Tg1%1FVgik%1FAgnd%1F04010877-6%1FaDa%CC%88nemark%1F4ortx%1FZ1938%1E065R+%1F9040772586%1F7Tg1%1FVgik%1FAgnd%1F04077258-5%1FaSchweden%1F4ortx%1FZ1939%1E&active-editor=fix
count-triples	https://github.com/metafacture/metafacture-core/blob/63496ad14fe988b18acaca90b51f4f3154dbc4c7/metafacture-triples/src/main/java/org/metafacture/triples/TripleCount.java	https://metafacture.org/playground/?flux=inputFile%0A%7C+open-file%0A%7C+as-lines%0A%7C+decode-pica%0A%7C+fix%0A%7C+stream-to-triples%0A%7C+count-triples%28countBy%3D%22object%22%29%0A%7C+template%28%22%24%7Bo%7D+%7C+%24%7Bs%7D%22%29%0A%7C+print%3B&fix=move_field%28%27032@.a%27%2C+%27Edition%27%29%0Aretain%28%27Edition%27%29&data=001@+%1F01%1Fa5%1E001A+%1F09999%3A07-04-01%1E001B+%1F09999%3A10-03-04%1Ft13%3A31%3A00.000%1E001D+%1F09999%3A07-04-01%1E001U+%1F0utf8%1E001X+%1F00%1E002@+%1F0Aal%1E003@+%1F0570346983%1E006U+%1F000%2CL01%1E007I+%1FSo%1F0720834513%1E007M+%1F01602/0263%1E011@+%1Fa1929%1E021A+%1FaDie+@Ehrenstatuen+der+Pa%CC%88pste%1E028A+%1F9118700561%1F7Tp1%1FVpiz%1FAgnd%1F0118700561%1FE1900%1FB1997%1FaHager%1FdWerner%1E033A+%1FpLeipzig%1E034D+%1Fa82+S.%1E034I+%1Fa4%1E037A+%1FaAuch+in+Buchh.+als%3A+Ro%CC%88mische+Forschungen%2C+hrsg.+v.+d.+Bibliotheca+Hertziana+in+Rom.+Bd+7.+1929.%1E037C+%1FaBasel%2C+Phil.-+hist.+Diss.%1E%0A001@+%1F01-2%1Fa5%1E001A+%1F01200%3A28-09-87%1E001B+%1F09999%3A29-12-07%1Ft19%3A41%3A36.000%1E001D+%1F09999%3A99-99-99%1E001U+%1F0utf8%1E001X+%1F00%1E002@+%1F0Aan%1E003@+%1F0871159031%1E004A+%1Ffgeh.+%28Pr.+nicht+mitget.%29%1E006U+%1F087%2CB42%2C0848%1E007I+%1FSo%1F0310869122%1E011@+%1Fa1987%1E021A+%1FaEinfach+klassisch%21%1FdEine+Orestie+mit+glu%CC%88ckl.+Ausgang%1FhWalter+Mehring+%281896+-+1981%29.+Mit+e.+Nachw.+hrsg.+von+Didier+Plassard.+Univ.+-+Gesamthochsch.+Siegen%1E028A+%1F9118579983%1F7Tp1%1FVpip%1FAgnd%1F0118579983%1FE1896%1FB1981%1FaMehring%1FdWalter%1E032@+%1Fg12%1Fa%282.+Aufl.%29%1E033A+%1FpSiegen%1FnUniv.+-+Gesamthochsch.%1E034D+%1Fa28+S.%1E034I+%1Fa21+cm%1E036F+%1Fx216%1F9010243046%1FgAdvz%1Fi19442-6%1FYVergessene+Autoren+der+Moderne%1FpSiegen%1FJUniv.-Gesamthochschule%1Fl16%1E045E+%1Fa59%1Fm810%1Fm820%1Fm830%1Fm839%1Fm840%1Fm850%1Fm860%1Fm870%1Fm880%1Fm890%1FmB%1E047A+%1FSFE%1Fabs%1E%0A001@+%1F01%1Fa5%1E001A+%1F09999%3A31-10-01%1E001B+%1F00101%3A07-08-09%1Ft17%3A28%3A39.000%1E001D+%1F09999%3A31-10-01%1E001U+%1F0utf8%1E001X+%1F00%1E002@+%1F0Aal%1E003@+%1F0572736959%1E006U+%1F000%2CL01%1E007I+%1FSo%1F072019536%1E007M+%1F02797/0022%1E010@+%1Fager%1E011@+%1Fa1916%1E021A+%1FaDorfheimat%1FdBilder+aus+der+Knabenzeit%1Fhvon+Franziskus+Nagler%1E028A+%1F9116880430%1F7Tp1%1FVpiz%1FAgnd%1F0116880430%1FE1873%1FB1957%1FaNagler%1FdFranciscus%1E032@+%1Fg13%1Fa3.+Aufl.%1E033A+%1FpMeissen%1FnBuchheim%1E034D+%1Fa208+S.%1E034I+%1Fa8%1E037A+%1FaIn+Fraktur%1E047E+%1Faagi-809Haerig%1E%0A001@+%1Fa5%1E001A+%1F01145%3A29-03-04%1E001B+%1F01145%3A27-04-05%1Ft18%3A02%3A05.000%1E001D+%1F09999%3A10-05-08%1E001U+%1F0utf8%1E001X+%1F00%1E002@+%1F0Acl%1E003@+%1F0560568487%1E007I+%1FSo%1F073290854%1E007M+%1F01769/0218%1E017A+%1Fagw%1E021A+%1FaMein+Hermannsland%1E033A+%1FpBielefeld%1FpLeipzig%1FnVelhagen+%26+Klasing%1E034I+%1Fa8%1E036G+%1FaVelhagen+%26+Klasings+Erga%CC%88nzungshefte+zu+deutschen+Lesebu%CC%88chern%1E042@+%1F0NN%1Fc34p3_vk.dat%1Fd1337%1Fe2004-03-29%1E%0A001@+%1F01-2%1Fa5%1E001A+%1F01130%3A27-10-05%1E001B+%1F09999%3A23-11-05%1Ft10%3A44%3A17.000%1E001D+%1F01140%3A03-11-05%1E001U+%1F0utf8%1E001X+%1F00%1E002@+%1F0Af%1E003@+%1F0976858223%1E004A+%1Ffkart.%1E006U+%1F005%2CB49%2C0021%1E007I+%1FSo%1F0723555963%1E011@+%1Fa2005%1Fn%5B2005%5D%1E017A+%1Farb%1E021A+%1Fx13%1F9957878923%1FYSoftware-Architektur%1FhFernuniversita%CC%88t+in+Hagen%1FpHagen%1FJFernuniv.%1FS004%1FgAc%1E021B+%1FlKurseinheit+3.%1FaGenerische+Architekturen+und+Komponentensysteme%1FhAutor%3A+A.+Poetzsch-Heffter.+Mitarb.%3A+N.+Rauch%1E032@+%1Fg16%1Fa%5B6.+Aufl.%5D%1E034D+%1FaS.+66+-+102%1E034I+%1FaIll.%1E047A+%1FSFE%1Fa%5BADH%1E047A+%1FSERW%1Farm%1E%0A001@+%1Fa5%1F01-2%1E001A+%1F01200%3A09-02-95%1E001B+%1F09999%3A23-12-07%1Ft02%3A10%3A08.000%1E001D+%1F09999%3A99-99-99%1E001U+%1F0utf8%1E001X+%1F00%1E002@+%1F0Aar%1E003@+%1F0454421249%1E004A+%1FfUnzerreissbare+Pp.+%3A+-.95%1E006U+%1F094%2CP06%1E007I+%1FSo%1F073627503%1E007M+%1F025.05507%1E011@+%1Fa1957%1Fn%5B1957%5D%1E021A+%1FaSchneeweisschen+und+Rosenrot%1E033A+%1Fp%5BWien%5D%1Fn%5BBreitschopf%5D%1E034D+%1Fa4+ungez.+Bl.%1E034I+%1Faquer-8%1E034M+%1FaAbb.+mit+Text%1E045E+%1Fb09a%1FmK%1E%0A001@+%1Fa5%1F01-2%1E001A+%1F01200%3A30-06-94%1E001B+%1F09999%3A23-12-07%1Ft03%3A28%3A43.000%1E001D+%1F09999%3A99-99-99%1E001U+%1F0utf8%1E001X+%1F00%1E002@+%1F0Aar%1E003@+%1F0454911386%1E004A+%1Ffgeh.+%3A+-.40%1E006U+%1F094%2CP06%1E007I+%1FSo%1F0612051447%1E007M+%1F027.09807%1E011@+%1Fa1949%1E021A+%1FaViola+Tricolor%1FhTheodor+Storm%1E028A+%1F9118618725%1F7Tp1%1FVpiz%1FAgnd%1F0118618725%1FE1817%1FB1888%1FaStorm%1FdTheodor%1E032@+%1Fgne%1Fa%5BNeuaufl.%5D%1E033A+%1FpBraunschweig%1FnWestermann%1E034D+%1Fa51+S.%1E034I+%1Fa8%1E045E+%1Fb11a%1FmS%1E%0A001@+%1Fa5%1F01%1E001A+%1F01145%3A24-08-04%1E001B+%1F01145%3A24-08-04%1Ft16%3A11%3A00.000%1E001D+%1F09999%3A24-08-04%1E001U+%1F0utf8%1E001X+%1F00%1E002@+%1F0Afl%1E003@+%1F0366920758%1E006U+%1F000%2CL01%1E007I+%1FSo%1F073184540%1E007M+%1F02781/0072%1E011@+%1Fa1914%1E021A+%1F9560748116%1F7Tp6%1FVpiz%1FAgnd%1F0127798846%1FaMutz%1FdH.%1FYDie+@Reichsversicherungsordnung%1Fh%5BBearb.+von+H.+Mutz%5D%1FpLahr%1FJMutz%2C+Selbstverl.%1FgAcl%1E021B+%1Fl1.%1FaKrankenversicherung%1E042@+%1F0NN%1Fc37p3_vk.dat%1Fd9569%1Fe2004-08-24%1E%0A001@+%1F01-2%1Fa5%1E001A+%1F01245%3A18-04-11%1E001B+%1F09999%3A25-05-11%1Ft22%3A31%3A29.000%1E001D+%1F01240%3A18-05-11%1E001U+%1F0utf8%1E001X+%1F00%1E002@+%1F0Aa%1E003@+%1F01011122081%1E004A+%1F0978-3-00-034236-3%1FfPp.+%3A+EUR+32.95+%28DE%29%1E004K+%1F09783000342363%1E006T+%1F011%2CN17%1E006U+%1F011%2CB22%1E006V+%1F03715723%1E007G+%1FaDNB%1F01011122081%1E007I+%1FSo%1F0725120801%1E010@+%1Fager%1E011@+%1Fa2011%1E017A+%1Farb%1Fasf%1E019@+%1FaXA-DE-SH%1E021A+%1FaFalle+Bewerbungsbetrug%1Fderkennen+und+vermeiden+%3B+%5BGrundlagen%5D+%1FhMarco+Lo%CC%88w.+%5BLo%CC%88w+%26+Partner%2C+Forensisches+Pra%CC%88ventionsmanagement%5D%1E028A+%1F9143799053%1F7Tp3%1FVpiz%1FAgnd%1F0143799053%1FE1975%1FaLo%CC%88w%1FdMarco%1E033A+%1FpHohenlinden%1FnFa.+Lo%CC%88w+%26+Partner%1F55246934%1E034D+%1Fa200+S.%1E034I+%1Fa22+cm%1E034M+%1FaIll.%1E037A+%1FaHergestellt+on+demand.+-+Literaturangaben%1E041A+%1F9040063380%1F7Ts1%1FAgnd%1F04006338-0%1FaBewerbung%1E041A/01+%1F904006249X%1F7Ts1%1FAgnd%1F04006249-1%1FaBetrug%1E041A/02+%1F9040763080%1F7Ts1%1FVsaz%1FAgnd%1F04076308-0%1FaPra%CC%88vention%1E041A/09+%1FeDE-101%1FrDE-101%1E044N+%1FbProduktform%1FaHardback%1E044N+%1FbKeywords%1FaBewerber%1E044N+%1FbKeywords%1FaBewerberauslese%1E044N+%1FbKeywords%1FaBewerberauswahl%1E044N+%1FbKeywords%1FaBewerberauswahltechniken%1E044N+%1FbKeywords%1FaBewerbergespra%CC%88ch%1E044N+%1FbKeywords%1FaBewerberbeurteilung%1E044N+%1FbKeywords%1FaBewerbergespra%CC%88che%1E044N+%1FbKeywords%1FaBewerberinterviews%1E044N+%1FbKeywords%1FaBewerberinterview%1E044N+%1FbKeywords%1FaBewerbersuche%1E044N+%1FbKeywords%1FaBewerbertricks%1E044N+%1FbKeywords%1FaBewerbung%1E044N+%1FbKeywords%1FaBewerbungen%1E044N+%1FbKeywords%1FaBewerbungsbeurteilung%1E044N+%1FbKeywords%1FaBewerbungsgespra%CC%88ch%1E044N+%1FbKeywords%1FaBewerbungsgespra%CC%88che%1E044N+%1FbKeywords%1FaBewerbungsinterview%1E044N+%1FbKeywords%1FaBewerbungsbetrug%1E044N+%1FbKeywords%1FaBewerberbetrug%1E044N+%1FbKeywords%1FaBewerbungsfa%CC%88lschung%1E044N+%1FbKeywords%1FaBewerbungsfa%CC%88lschungen%1E045E+%1Fe650%1E045F+%1FeDDC22ger%1Fa650.142%1E045F/01+%1Fa650.142%1E047A+%1FSERW%1FaDu%CC%88%1E047A+%1FSFE%1Facs%1E047I+%1Fuhttp%3A//deposit.d-nb.de/cgi-bin/dokserv%3Fid%3D3715723%26prov%3DM%26dok_var%3D1%26dok_ext%3Dhtm%1FbHTML%1Fc01%1FdMVB%1Fe1%1E047N+%1FSo%1F2contributor%1Fa%3Cb034%3E1%3C/b034%3E%3Cb035%3EA01%3C/b035%3E%3Cb340%3E1%3C/b340%3E%3Cb036%3EMarco+Lo%CC%88w%3C/b036%3E%3Cb037%3ELo%CC%88w%2C+Marco%3C/b037%3E%3Cb039%3EMarco%3C/b039%3E%3Cb040%3ELo%CC%88w%3C/b040%3E%1E%0A001@+%1Fa5%1F01%1E001A+%1F01145%3A13-07-04%1E001B+%1F09999%3A21-02-06%1Ft18%3A53%3A59.000%1E001D+%1F09999%3A13-07-04%1E001U+%1F0utf8%1E001X+%1F00%1E002@+%1F0Afl%1E003@+%1F0366537822%1E004A+%1Ff-.60%1E006U+%1F000%2CL01%1E007I+%1FSo%1F0718800900%1E007M+%1F02290/0662%1E011@+%1Fa1937%1E021A+%1F9560668805%1FYSchnell+und+sicher+stenografieren+und+maschineschreiben%1FpDarmstadt%1FJWinkler%1FgAcl%1E021B+%1FlAusg.+A.%1E021B+%1FlT.+2.%1Fa80-120+Silben%1FhWilhelm+Lege+%3B+Hugo+Wedekind%1E028C+%1F9103916466%1F7Tn3%1FAgnd%1F0103916466%1FaLege%1FdWilhelm%1E028C/01+%1F9104983612%1F7Tn3%1FAgnd%1F0104983612%1FaWedekind%1FdHugo%1E034D+%1Fa36+S.%1E042@+%1F0NN%1Fc35p3_vk.dat%1Fd27446%1Fe2004-07-13%1E&active-editor=fix
decode-aseq	https://github.com/metafacture/metafacture-core/blob/e568830804e086201be9faee2a34f7ddb61d4a28/metafacture-biblio/src/main/java/org/metafacture/biblio/AseqDecoder.java	???
decode-csv	https://github.com/metafacture/metafacture-core/blob/398599cee058972c25fa20b24ab56103d4930379/metafacture-csv/src/main/java/org/metafacture/csv/CsvDecoder.java	???
decode-formeta	https://github.com/metafacture/metafacture-core/blob/398599cee058972c25fa20b24ab56103d4930379/metafacture-formeta/src/main/java/org/metafacture/formeta/FormetaDecoder.java	https://metafacture.org/playground/?flux=inputFile%0A%7C+open-file%0A%7Cas-lines%0A%7Cdecode-formeta%0A%7Cfix%0A%7Cencode-xml%28rootTag%3D%22collection%22%29%0A%7Cprint%0A%3B&fix=move_field%28_id%2C+id%29%0Amove_field%28a%2C+title%29%0Apaste%28author%2C+b.v%2C+b.n%2C+%27~aus%27%2C+c%29%0Aretain%28id%2C+title%2C+author%29&data=1%7Ba%3A+Faust%2C+b+%7Bn%3A+Goethe%2C+v%3A+JW%7D%2C+c%3A+Weimar%7D%0A2%7Ba%3A+R%C3%A4uber%2C+b+%7Bn%3A+Schiller%2C+v%3A+F%7D%2C+c%3A+Weimar%7D&active-editor=fix
decode-html	https://github.com/metafacture/metafacture-core/blob/fb23d42b108076da9d292ad1582ec4111109578c/metafacture-html/src/main/java/org/metafacture/html/HtmlDecoder.java	https://metafacture.org/playground/?flux=%22https%3A//lobid.org/gnd/11942150X%22%0A%7C+open-http%28accept%3D%22application/json%22%29%0A%7C+as-records%0A%7C+decode-json%0A%7C+fix%0A%7C+encode-json%28prettyPrinting%3D%22true%22%29%0A%7C+print%3B&fix=copy_field%28%22preferredName%22%2C+%22name%22%29%0Acopy_field%28%22affiliation%5B%5D.1.label%22%2C+%22placeOfWork%22%29%0Aretain%28%22name%22%2C+%22placeOfWork%22%29&active-editor=fix
decode-json	https://github.com/metafacture/metafacture-core/blob/060a6a693333ea5473867284952d05e612f10073/metafacture-json/src/main/java/org/metafacture/json/JsonDecoder.java	https://metafacture.org/playground/?flux=%22https%3A//lobid.org/gnd/11942150X%22%0A%7C+open-http%28accept%3D%22application/json%22%29%0A%7C+as-records%0A%7C+decode-json%0A%7C+encode-yaml%0A%7C+print%3B&active-editor=fix
decode-mab	https://github.com/metafacture/metafacture-core/blob/e568830804e086201be9faee2a34f7ddb61d4a28/metafacture-biblio/src/main/java/org/metafacture/biblio/MabDecoder.java	https://metafacture.org/playground/?flux=%22https%3A//raw.githubusercontent.com/gbv/Catmandu-Tutorial/master/data/mab2.dat%22%0A%7C+open-http%0A%7C+as-lines%0A%7C+decode-mab%0A%7C+encode-yaml%0A%7C+print%3B&active-editor=fix
decode-marc21	https://metafacture.org/playground/?flux=%22https%3A//raw.githubusercontent.com/gbv/Catmandu-Tutorial/master/data/marc.mrc%22%0A%7C+open-http%0A%7C+as-lines%0A%7C+decode-marc21%0A%7C+encode-formeta%28style%3D%22multiline%22%29%0A%7C+print%0A%3B&active-editor=fix	https://github.com/metafacture/metafacture-core/blob/45da349c90c626498264094df421ec1476d017c2/metafacture-biblio/src/main/java/org/metafacture/biblio/marc21/Marc21Decoder.java
decode-pica	https://github.com/metafacture/metafacture-core/blob/e568830804e086201be9faee2a34f7ddb61d4a28/metafacture-biblio/src/main/java/org/metafacture/biblio/pica/PicaDecoder.java	https://metafacture.org/playground/?flux=%22https%3A//raw.githubusercontent.com/metafacture/metafacture-core/master/metafacture-runner/src/main/dist/examples/read/pica/10.pica%22%0A%7C+open-http%0A%7C+as-lines%0A%7C+decode-pica%0A%7C+encode-formeta%28style%3D%22multiline%22%29%0A%7C+print%0A%3B&active-editor=fix
decode-string	https://github.com/metafacture/metafacture-core/blob/398599cee058972c25fa20b24ab56103d4930379/metafacture-strings/src/main/java/org/metafacture/strings/StringDecoder.java	???
decode-xml	https://github.com/metafacture/metafacture-core/blob/a3b5095a13ee5213b587a54a2c57cf7565402dd2/metafacture-xml/src/main/java/org/metafacture/xml/XmlDecoder.java	https://metafacture.org/playground/?flux=inputFile%0A%7C+open-file%0A%7Cdecode-xml%0A%7Chandle-generic-xml%0A%7Cencode-yaml%0A%7Cprint%0A%3B&data=%3C%3Fxml+version%3D%221.0%22%3F%3E%0A%3Crecord%3E%0A++++%3Cfield%3Ea%3C/field%3E%0A++++%3Cfield%3Eb%3C/field%3E%0A%3C/record%3E&active-editor=fix
decode-yaml	https://github.com/metafacture/metafacture-core/blob/398599cee058972c25fa20b24ab56103d4930379/metafacture-yaml/src/main/java/org/metafacture/yaml/YamlDecoder.java	???
decouple	https://github.com/metafacture/metafacture-core/blob/398599cee058972c25fa20b24ab56103d4930379/metafacture-flowcontrol/src/main/java/org/metafacture/flowcontrol/ObjectPipeDecoupler.java	???
defer-stream	https://github.com/metafacture/metafacture-core/blob/398599cee058972c25fa20b24ab56103d4930379/metafacture-flowcontrol/src/main/java/org/metafacture/flowcontrol/StreamDeferrer.java	???
digest-file	https://github.com/metafacture/metafacture-core/blob/0ca03f11a3f16782e8c67408adca032320393b1f/metafacture-files/src/main/java/org/metafacture/files/FileDigestCalculator.java	???
discard-events	https://github.com/metafacture/metafacture-core/blob/398599cee058972c25fa20b24ab56103d4930379/metafacture-mangling/src/main/java/org/metafacture/mangling/StreamEventDiscarder.java	???
draw-uniform-sample	https://github.com/metafacture/metafacture-core/blob/398599cee058972c25fa20b24ab56103d4930379/metafacture-statistics/src/main/java/org/metafacture/statistics/UniformSampler.java	???
encode-csv	https://github.com/metafacture/metafacture-core/blob/96605ab3432eb2823b4652a1350cc892be5bc07e/metafacture-csv/src/main/java/org/metafacture/csv/CsvEncoder.java	https://metafacture.org/playground/?flux=%22https%3A//raw.githubusercontent.com/metafacture/metafacture-core/master/metafacture-runner/src/main/dist/examples/read/marc21/10.marc21%22%0A%7C+open-http%0A%7C+as-lines%0A%7C+decode-marc21%0A%7C+flatten%0A%7C+encode-csv%28includeHeader%3D%22TRUE%22%2C+separator%3D%22\t%22%2C+noQuotes%3D%22false%22%29%0A%7C+print%0A%3B&active-editor=fix
encode-formeta	https://github.com/metafacture/metafacture-core/blob/398599cee058972c25fa20b24ab56103d4930379/metafacture-formeta/src/main/java/org/metafacture/formeta/FormetaEncoder.java	https://metafacture.org/playground/?flux=%22https%3A//raw.githubusercontent.com/metafacture/metafacture-core/master/metafacture-runner/src/main/dist/examples/read/pica/10.pica%22%0A%7C+open-http%0A%7C+as-lines%0A%7C+decode-pica%0A%7C+encode-formeta%28style%3D%22multiline%22%29%0A%7C+print%0A%3B&active-editor=fix
encode-json	https://github.com/metafacture/metafacture-core/blob/6322eb4f661da7e0398ad6413bef2500a127ffb6/metafacture-json/src/main/java/org/metafacture/json/JsonEncoder.java	https://metafacture.org/playground/?flux=%22https%3A//d-nb.info/1106253078/about/marcxml%22%0A%7C+open-http%28accept%3D%22application/xml%22%29%0A%7C+decode-xml%0A%7C+handle-marcxml%0A%7C+encode-json%28prettyPrinting%3D%22true%22%29%0A%7C+print%0A%3B&active-editor=fix
encode-literals	https://github.com/metafacture/metafacture-core/blob/398599cee058972c25fa20b24ab56103d4930379/metafacture-formatting/src/main/java/org/metafacture/formatting/StreamLiteralFormatter.java	https://metafacture.org/playground/?flux=inputFile%0A%7C+open-file%0A%7C+as-lines%0A%7C+decode-pica%0A%7C+flatten%0A%7C+encode-literals%0A%7C+print%3B&data=001@+%1Fa5%1F01-2%1E001A+%1F01100%3A15-10-94%1E001B+%1F09999%3A12-06-06%1Ft16%3A10%3A17.000%1E001D+%1F09999%3A99-99-99%1E001U+%1F0utf8%1E001X+%1F00%1E002@+%1F0Aag%1E003@+%1F0482147350%1E006U+%1F094%2CP05%1E007E+%1F0U+70.16407%1E007I+%1FSo%1F074057548%1E011@+%1Fa1970%1E017A+%1Farh%1E021A+%1FaDie+@Berufsfreiheit+der+Arbeitnehmer+und+ihre+Ausgestaltung+in+vo%CC%88lkerrechtlichen+Vertra%CC%88gen%1FdEine+Grundrechtsbetrachtg%1E028A+%1F9106884905%1F7Tn3%1FAgnd%1F0106884905%1FaProjahn%1FdHorst+D.%1E033A+%1FpWu%CC%88rzburg%1E034D+%1FaXXXVIII%2C+165+S.%1E034I+%1Fa8%1E037C+%1FaWu%CC%88rzburg%2C+Jur.+F.%2C+Diss.+v.+7.+Aug.+1970%1E%0A001@+%1F01%1Fa5%1E001A+%1F01140%3A08-12-99%1E001B+%1F09999%3A05-01-08%1Ft22%3A57%3A29.000%1E001D+%1F09999%3A99-99-99%1E001U+%1F0utf8%1E001X+%1F00%1E002@+%1F0Aa%1E003@+%1F0958090564%1E004A+%1Ffkart.+%3A+DM+9.70%2C+EUR+4.94%2C+sfr+8.00%2C+S+68.00%1E006U+%1F000%2CB05%2C0285%1E007I+%1FSo%1F076088278%1E011@+%1Fa1999%1E017A+%1Farb%1Fasi%1E019@+%1FaXA-AT%1E021A+%1FaZukunft+Bildung%1FhPolitische+Akademie.+%5BHrsg.+von+Gu%CC%88nther+R.+Burkert-Dottolo+und+Bernhard+Moser%5D%1E028C+%1F9130681849%1F7Tp1%1FVpiz%1FAgnd%1F0130681849%1FE1952%1FaBurkert%1FdGu%CC%88nther+R.%1FBHrsg.%1E033A+%1FpWien%1FnPolit.+Akad.%1E034D+%1Fa79+S.%1E034I+%1Fa24+cm%1E036F+%1Fx299+12%1F9551720077%1FgAdn%1F7Tb1%1FAgnd%1F01040469-7%1FaPolitische+Akademie%1FgWien%1FYPA-Information%1FhPolitische+Akademie%2C+WB%1FpWien%1FJPolitische+Akad.%2C+WB%1Fl99%2C2%1E036F/01+%1Fx12%1F9025841467%1FgAdvz%1Fi2142105-5%1FYAktuelle+Fragen+der+Politik%1FhPolitische+Akademie%1FpWien%1FJPolitische+Akad.+der+O%CC%88VP%1FlBd.+2%1E045E+%1Fa22%1Fd18%1Fm370%1E047A+%1FSFE%1Fata%1E%0A001@+%1Fa5%1F01%1E001A+%1F01140%3A19-02-03%1E001B+%1F09999%3A19-06-11%1Ft01%3A20%3A13.000%1E001D+%1F09999%3A26-04-03%1E001U+%1F0utf8%1E001X+%1F00%1E002@+%1F0Aal%1E003@+%1F0361809549%1E004A+%1FfHlw.%1E006U+%1F000%2CL01%1E006U+%1F004%2CP01-s-41%1E006U+%1F004%2CP01-f-21%1E007G+%1FaDNB%1F0361809549%1E007I+%1FSo%1F072658383%1E007M+%1F04413/0275%1E011@+%1Fa1925%1E019@+%1FaXA-DXDE%1FaXA-DE%1E021A+%1FaHundert+Jahre+Buchdrucker-Innung+Hamburg%1FdWesen+u.+Werden+d.+Vereinigungen+Hamburger+Buchdruckereibesitzer+1825-1925+%3B+Gedenkschrift+zur+100.+Wiederkehr+d.+Gru%CC%88ndungstages%2C+verf.+im+Auftr.+d.+Vorstandes+d.+Buchdrucker-Innung+%28Freie+Innung%29+zu+Hamburg%1FhFriedrich+Voeltzer%1E028A+%1F9101386281%1F7Tp1%1FVpiz%1FAgnd%1F0101386281%1FE1895%1FaVo%CC%88ltzer%1FdFriedrich%1E033A+%1FpHamburg%1FnBuchdrucker-Innung+%28Freie+Innung%29%1E033A+%1FpHamburg%1Fn%5BVerlagsbuchh.+Broschek+%26+Co.%5D%1E034D+%1Fa44+S.%1E034I+%1Fa4%1E%0A001@+%1Fa5%1F01-3%1E001A+%1F01240%3A01-08-95%1E001B+%1F09999%3A24-09-10%1Ft17%3A42%3A20.000%1E001D+%1F09999%3A99-99-99%1E001U+%1F0utf8%1E001X+%1F00%1E002@+%1F0Af%1E003@+%1F0945184085%1E004A+%1F03-89007-044-2%1FfGewebe+%3A+DM+198.00%2C+sfr+198.00%2C+S+1386.00%1E006T+%1F095%2CN35%2C0856%1E006U+%1F095%2CA48%2C1186%1E006U+%1F010%2CP01%1E007I+%1FSo%1F061975997%1E011@+%1Fa1995%1E017A+%1Fara%1E021A+%1Fx213%1F9550711899%1FYNeues+Handbuch+der+Musikwissenschaft%1Fhhrsg.+von+Carl+Dahlhaus.+Fortgef.+von+Hermann+Danuser%1FpLaaber%1FJLaaber-Verl.%1FS48%1F03-89007-030-2%1FgAc%1E021B+%1FlBd.+13.%1FaRegister%1Fhzsgest.+von+Hans-Joachim+Hinrichsen%1E028C+%1F9121445453%1F7Tp3%1FVpiz%1FAgnd%1F0121445453%1FE1952%1FaHinrichsen%1FdHans-Joachim%1E034D+%1FaVIII%2C+408+S.%1E045V+%1F9090001001%1E047A+%1FSFE%1Fagb/fm%1E%0A001@+%1F01-2%1Fa5%1E001A+%1F01239%3A18-08-11%1E001B+%1F09999%3A05-09-11%1Ft23%3A31%3A44.000%1E001D+%1F01240%3A30-08-11%1E001U+%1F0utf8%1E001X+%1F00%1E002@+%1F0Af%1E003@+%1F01014417392%1E004A+%1Ffkart.%1E006U+%1F011%2CA37%1E007G+%1FaDNB%1F01014417392%1E007I+%1FSo%1F0752937239%1E010@+%1Fager%1E011@+%1Fa2011%1E017A+%1Fara%1Fasf%1E021A+%1Fxtr%1F91014809657%1F7Tp3%1FVpiz%1FAgnd%1F01034622773%1FE1958%1FaLu%CC%88beck%1FdMonika%1FYPersonalwirtschaft+mit+DATEV%1FhMonika+Lu%CC%88beck+%3B+Helmut+Lu%CC%88beck%1FpBodenheim%1FpWien%1FJHerdt%1FRXA-DE%1FS650%1FgAc%1E021B+%1FlTrainerbd.%1E032@+%1Fg11%1Fa1.+Ausg.%1E034D+%1Fa129+S.%1E034M+%1FaIll.%1E047A+%1FSFE%1Famar%1E047A+%1FSERW%1Fasal%1E047I+%1Fu%24%1Fc04%1FdDNB%1Fe1%1E&active-editor=fix
encode-marc21	https://github.com/metafacture/metafacture-core/blob/bec0ebfe4784f2cfba084271cac736b5429a9323/metafacture-biblio/src/main/java/org/metafacture/biblio/marc21/Marc21Encoder.java	???
encode-marcxml	https://github.com/metafacture/metafacture-core/blob/3b8289eaaecf08e1e9b2d3751434090f1fb5c251/metafacture-biblio/src/main/java/org/metafacture/biblio/marc21/MarcXmlEncoder.java	https://metafacture.org/playground/?flux=%22https%3A//raw.githubusercontent.com/gbv/Catmandu-Tutorial/master/data/marc.mrc%22%0A%7C+open-http%0A%7C+as-lines%0A%7C+decode-marc21%28emitLeaderAsWhole%3D%22TRUE%22%29%0A%7C+encode-marcxml%0A%7C+print%0A%3B&active-editor=fix	https://metafacture.org/playground/?flux=%22https%3A//raw.githubusercontent.com/gbv/Catmandu-Tutorial/master/data/marc.mrc%22%0A%7C+open-http%0A%7C+as-lines%0A%7C+decode-marc21%28emitLeaderAsWhole%3D%22TRUE%22%29%0A%7C+encode-marcxml%0A%7C+print%0A%3B&active-editor=fix
encode-pica	https://github.com/metafacture/metafacture-core/blob/3b8289eaaecf08e1e9b2d3751434090f1fb5c251/metafacture-biblio/src/main/java/org/metafacture/biblio/marc21/MarcXmlEncoder.java	???
encode-xml	https://metafacture.org/playground/?flux=inputFile%0A%7C+open-file%0A%7Cas-lines%0A%7Cdecode-formeta%0A%7Cfix%0A%7Cencode-xml%28rootTag%3D%22collection%22%29%0A%7Cprint%0A%3B&fix=move_field%28_id%2C+id%29%0Amove_field%28a%2C+title%29%0Apaste%28author%2C+b.v%2C+b.n%2C+%27~aus%27%2C+c%29%0Aretain%28id%2C+title%2C+author%29&data=1%7Ba%3A+Faust%2C+b+%7Bn%3A+Goethe%2C+v%3A+JW%7D%2C+c%3A+Weimar%7D%0A2%7Ba%3A+R%C3%A4uber%2C+b+%7Bn%3A+Schiller%2C+v%3A+F%7D%2C+c%3A+Weimar%7D&active-editor=fix	https://metafacture.org/playground/?flux=inputFile%0A%7C+open-file%0A%7Cas-lines%0A%7Cdecode-formeta%0A%7Cfix%0A%7Cencode-xml%28rootTag%3D%22collection%22%29%0A%7Cprint%0A%3B&fix=move_field%28_id%2C+id%29%0Amove_field%28a%2C+title%29%0Apaste%28author%2C+b.v%2C+b.n%2C+%27~aus%27%2C+c%29%0Aretain%28id%2C+title%2C+author%29&data=1%7Ba%3A+Faust%2C+b+%7Bn%3A+Goethe%2C+v%3A+JW%7D%2C+c%3A+Weimar%7D%0A2%7Ba%3A+R%C3%A4uber%2C+b+%7Bn%3A+Schiller%2C+v%3A+F%7D%2C+c%3A+Weimar%7D&active-editor=fix
encode-yaml	https://github.com/metafacture/metafacture-core/blob/63496ad14fe988b18acaca90b51f4f3154dbc4c7/metafacture-xml/src/main/java/org/metafacture/xml/SimpleXmlEncoder.java	???
extract-element	https://github.com/metafacture/metafacture-core/blob/781261530c6ea10a21aed1f4582d2d944fce3b86/metafacture-html/src/main/java/org/metafacture/html/ElementExtractor.java	https://metafacture.org/playground/?flux=%22https%3A//academic.oup.com/jmammal/article/95/5/943/984478%22%0A%7C+open-http%0A%7C+extract-element%28%22script%5Btype%3Dapplication/ld%2Bjson%5D%22%29%0A%7C+decode-json%0A%7C+encode-json%28prettyPrinting%3D%22true%22%29%0A%7C+print%0A%3B&active-editor=fix
filter	https://github.com/metafacture/metafacture-core/blob/a3b5095a13ee5213b587a54a2c57cf7565402dd2/metamorph/src/main/java/org/metafacture/metamorph/Filter.java	???
filter-duplicate-objects	https://github.com/metafacture/metafacture-core/blob/398599cee058972c25fa20b24ab56103d4930379/metafacture-mangling/src/main/java/org/metafacture/mangling/DuplicateObjectFilter.java	???
filter-null-values	https://github.com/metafacture/metafacture-core/blob/398599cee058972c25fa20b24ab56103d4930379/metafacture-mangling/src/main/java/org/metafacture/mangling/NullFilter.java	https://metafacture.org/playground/?flux=inputFile%0A%7C+open-file%0A%7C+as-records%0A%7C+decode-json%0A%7C+filter-null-values%0A%7C+encode-json%28prettyPrinting%3D%22true%22%29%0A%7C+print%0A%3B&data=%7B%0A++++%22nicht%22%3A%22leer%22%2C%0A++++%22leer%22%3A+null%0A%7D&active-editor=fix
filter-records-by-path	https://github.com/metafacture/metafacture-core/blob/53b322f688bb093222706a911ea42d75ffaf3d90/metafacture-mangling/src/main/java/org/metafacture/mangling/RecordPathFilter.java	https://metafacture.org/playground/?flux=%22https%3A//kalliope-verbund.info/sru%3Fversion%3D1.2%26operation%3DsearchRetrieve%26query%3Dead.repository.isil%3DDE-B1575%26recordSchema%3Dmods37%22%0A%7C+open-http%28accept%3D%22application/xml%22%29%0A%7C+decode-xml%0A%7C+handle-generic-xml%0A%7C+filter-records-by-path%28%22recordData.mods%22%29%0A%7C+fix%0A%7C+encode-json%28prettyPrinting%3D%22true%22%29%0A%7C+print%0A%3B&fix=copy_field%28%22titleInfo.title.value%22%2C%22title%22%29%0Acopy_field%28%22identifier.value%22%2C%22id%22%29%0Aretain%28%22title%22%2C%22id%22%29&active-editor=fix
filter-strings	https://github.com/metafacture/metafacture-core/blob/63496ad14fe988b18acaca90b51f4f3154dbc4c7/metafacture-strings/src/main/java/org/metafacture/strings/StringFilter.java	https://metafacture.org/playground/?flux=inputFile%0A%7C+open-file%0A%7Cas-lines%0A%7Cfilter-strings%28%22%5EDeleted.%2A%22%2Cpassmatches%3D%22false%22%29%0A%7Cdecode-formeta%0A%7Cfix%0A%7Cencode-xml%28rootTag%3D%22collection%22%29%0A%7Cprint%0A%3B&fix=move_field%28_id%2C+id%29%0Amove_field%28a%2C+title%29%0Apaste%28author%2C+b.v%2C+b.n%2C+%27~aus%27%2C+c%29%0Aretain%28id%2C+title%2C+author%29&data=1%7Ba%3A+Faust%2C+b+%7Bn%3A+Goethe%2C+v%3A+JW%7D%2C+c%3A+Weimar%7D%0ADeleted%3A+2%7Ba%3A+R%C3%A4uber%2C+b+%7Bn%3A+Schiller%2C+v%3A+F%7D%2C+c%3A+Weimar%7D%0A3%7Ba%3A+Kritik+der+reinen+Vernunft%2C+b+%7Bn%3A+Kant%2C+v%3A+I%7D%2C+c%3A+K%C3%B6nigsberg%7D&active-editor=fix
filter-triples	https://github.com/metafacture/metafacture-core/blob/63496ad14fe988b18acaca90b51f4f3154dbc4c7/metafacture-triples/src/main/java/org/metafacture/triples/TripleFilter.java	https://metafacture.org/playground/?flux=inputFile%0A%7C+open-file%0A%7C+as-lines%0A%7C+decode-pica%0A%7C+stream-to-triples%0A%7C+filter-triples%28predicatepattern%3D%22001.%2A%22%29%0A%7C+print%0A%3B&data=001@+%1F01%1Fa5%1E001A+%1F09999%3A07-04-01%1E001B+%1F09999%3A10-03-04%1Ft13%3A31%3A00.000%1E001D+%1F09999%3A07-04-01%1E001U+%1F0utf8%1E001X+%1F00%1E002@+%1F0Aal%1E003@+%1F0570346983%1E006U+%1F000%2CL01%1E007I+%1FSo%1F0720834513%1E007M+%1F01602/0263%1E011@+%1Fa1929%1E021A+%1FaDie+@Ehrenstatuen+der+Pa%CC%88pste%1E028A+%1F9118700561%1F7Tp1%1FVpiz%1FAgnd%1F0118700561%1FE1900%1FB1997%1FaHager%1FdWerner%1E033A+%1FpLeipzig%1E034D+%1Fa82+S.%1E034I+%1Fa4%1E037A+%1FaAuch+in+Buchh.+als%3A+Ro%CC%88mische+Forschungen%2C+hrsg.+v.+d.+Bibliotheca+Hertziana+in+Rom.+Bd+7.+1929.%1E037C+%1FaBasel%2C+Phil.-+hist.+Diss.%1E%0A001@+%1F01-2%1Fa5%1E001A+%1F01200%3A28-09-87%1E001B+%1F09999%3A29-12-07%1Ft19%3A41%3A36.000%1E001D+%1F09999%3A99-99-99%1E001U+%1F0utf8%1E001X+%1F00%1E002@+%1F0Aan%1E003@+%1F0871159031%1E004A+%1Ffgeh.+%28Pr.+nicht+mitget.%29%1E006U+%1F087%2CB42%2C0848%1E007I+%1FSo%1F0310869122%1E011@+%1Fa1987%1E021A+%1FaEinfach+klassisch%21%1FdEine+Orestie+mit+glu%CC%88ckl.+Ausgang%1FhWalter+Mehring+%281896+-+1981%29.+Mit+e.+Nachw.+hrsg.+von+Didier+Plassard.+Univ.+-+Gesamthochsch.+Siegen%1E028A+%1F9118579983%1F7Tp1%1FVpip%1FAgnd%1F0118579983%1FE1896%1FB1981%1FaMehring%1FdWalter%1E032@+%1Fg12%1Fa%282.+Aufl.%29%1E033A+%1FpSiegen%1FnUniv.+-+Gesamthochsch.%1E034D+%1Fa28+S.%1E034I+%1Fa21+cm%1E036F+%1Fx216%1F9010243046%1FgAdvz%1Fi19442-6%1FYVergessene+Autoren+der+Moderne%1FpSiegen%1FJUniv.-Gesamthochschule%1Fl16%1E045E+%1Fa59%1Fm810%1Fm820%1Fm830%1Fm839%1Fm840%1Fm850%1Fm860%1Fm870%1Fm880%1Fm890%1FmB%1E047A+%1FSFE%1Fabs%1E%0A001@+%1F01%1Fa5%1E001A+%1F09999%3A31-10-01%1E001B+%1F00101%3A07-08-09%1Ft17%3A28%3A39.000%1E001D+%1F09999%3A31-10-01%1E001U+%1F0utf8%1E001X+%1F00%1E002@+%1F0Aal%1E003@+%1F0572736959%1E006U+%1F000%2CL01%1E007I+%1FSo%1F072019536%1E007M+%1F02797/0022%1E010@+%1Fager%1E011@+%1Fa1916%1E021A+%1FaDorfheimat%1FdBilder+aus+der+Knabenzeit%1Fhvon+Franziskus+Nagler%1E028A+%1F9116880430%1F7Tp1%1FVpiz%1FAgnd%1F0116880430%1FE1873%1FB1957%1FaNagler%1FdFranciscus%1E032@+%1Fg13%1Fa3.+Aufl.%1E033A+%1FpMeissen%1FnBuchheim%1E034D+%1Fa208+S.%1E034I+%1Fa8%1E037A+%1FaIn+Fraktur%1E047E+%1Faagi-809Haerig%1E%0A001@+%1Fa5%1E001A+%1F01145%3A29-03-04%1E001B+%1F01145%3A27-04-05%1Ft18%3A02%3A05.000%1E001D+%1F09999%3A10-05-08%1E001U+%1F0utf8%1E001X+%1F00%1E002@+%1F0Acl%1E003@+%1F0560568487%1E007I+%1FSo%1F073290854%1E007M+%1F01769/0218%1E017A+%1Fagw%1E021A+%1FaMein+Hermannsland%1E033A+%1FpBielefeld%1FpLeipzig%1FnVelhagen+%26+Klasing%1E034I+%1Fa8%1E036G+%1FaVelhagen+%26+Klasings+Erga%CC%88nzungshefte+zu+deutschen+Lesebu%CC%88chern%1E042@+%1F0NN%1Fc34p3_vk.dat%1Fd1337%1Fe2004-03-29%1E%0A001@+%1F01-2%1Fa5%1E001A+%1F01130%3A27-10-05%1E001B+%1F09999%3A23-11-05%1Ft10%3A44%3A17.000%1E001D+%1F01140%3A03-11-05%1E001U+%1F0utf8%1E001X+%1F00%1E002@+%1F0Af%1E003@+%1F0976858223%1E004A+%1Ffkart.%1E006U+%1F005%2CB49%2C0021%1E007I+%1FSo%1F0723555963%1E011@+%1Fa2005%1Fn%5B2005%5D%1E017A+%1Farb%1E021A+%1Fx13%1F9957878923%1FYSoftware-Architektur%1FhFernuniversita%CC%88t+in+Hagen%1FpHagen%1FJFernuniv.%1FS004%1FgAc%1E021B+%1FlKurseinheit+3.%1FaGenerische+Architekturen+und+Komponentensysteme%1FhAutor%3A+A.+Poetzsch-Heffter.+Mitarb.%3A+N.+Rauch%1E032@+%1Fg16%1Fa%5B6.+Aufl.%5D%1E034D+%1FaS.+66+-+102%1E034I+%1FaIll.%1E047A+%1FSFE%1Fa%5BADH%1E047A+%1FSERW%1Farm%1E&active-editor=fix
flatten	https://github.com/metafacture/metafacture-core/blob/398599cee058972c25fa20b24ab56103d4930379/metafacture-mangling/src/main/java/org/metafacture/mangling/StreamFlattener.java	https://metafacture.org/playground/?flux=inputFile%0A%7C+open-file%0A%7C+as-records%0A%7C+decode-yaml%0A%7C+flatten%0A%7C+encode-json%28prettyPrinting+%3D+%22true%22%29%0A%7C+print%3B&data=I%3A%0A++++was%3A%0A++++++++a%3A%0A++++++++++++nested%3A%0A++++++++++++++++element&active-editor=fix
from-jdom-document	https://github.com/metafacture/metafacture-core/blob/6f88f0ced9f3e23d019ced887da9051d61f76342/metafacture-jdom/src/main/java/org/metafacture/jdom/JDomDocumentToStream.java
handle-cg-xml	https://github.com/metafacture/metafacture-core/blob/398599cee058972c25fa20b24ab56103d4930379/metafacture-xml/src/main/java/org/metafacture/xml/CGXmlHandler.java
handle-comarcxml	https://github.com/metafacture/metafacture-core/blob/bec0ebfe4784f2cfba084271cac736b5429a9323/metafacture-biblio/src/main/java/org/metafacture/biblio/ComarcXmlHandler.java
handle-generic-xml	https://github.com/metafacture/metafacture-core/blob/63496ad14fe988b18acaca90b51f4f3154dbc4c7/metafacture-xml/src/main/java/org/metafacture/xml/GenericXmlHandler.java
handle-mabxml	https://github.com/metafacture/metafacture-core/blob/e568830804e086201be9faee2a34f7ddb61d4a28/metafacture-biblio/src/main/java/org/metafacture/biblio/AlephMabXmlHandler.java	
handle-marcxml	https://github.com/metafacture/metafacture-core/blob/df6a86256da3fc47b4ac1e4c8fbe9a5b953dbbc8/metafacture-biblio/src/main/java/org/metafacture/biblio/marc21/MarcXmlHandler.java
handle-picaxml	https://github.com/metafacture/metafacture-core/blob/e568830804e086201be9faee2a34f7ddb61d4a28/metafacture-biblio/src/main/java/org/metafacture/biblio/pica/PicaXmlHandler.java
jscript	https://github.com/metafacture/metafacture-core/blob/398599cee058972c25fa20b24ab56103d4930379/metafacture-scripting/src/main/java/org/metafacture/scripting/JScriptObjectPipe.java
json-to-elasticsearch-bulk	https://github.com/metafacture/metafacture-core/blob/398599cee058972c25fa20b24ab56103d4930379/metafacture-elasticsearch/src/main/java/org/metafacture/elasticsearch/JsonToElasticsearchBulk.java
lines-to-records
literal-to-object
log-object
log-stream
log-stream-time
log-time
map-to-stream
match
merge-batch-stream
merge-same-ids
morph
normalize-unicode-stream
normalize-unicode-string
object-batch-log
object-tee
object-to-literal
open-file
open-http
open-oaipmh
open-resource
open-tar
pass-through
print
rdf-macros
read-beacon	???	https://metafacture.org/playground/?flux=inputFile%0A%7C+open-file%0A%7Cread-beacon%28metadatafilter%3D%22name%7Cisil%22%29%7C%0Aencode-formeta%28style%3D%22multiline%22%29%7C%0Aprint%3B%0A&data=%23FORMAT%3A+BEACON%0A%23VERSION%3A+0.1%0A%23NAME%3A+Austria-Forum%0A%23PREFIX%3A+http%3A//d-nb.info/gnd/%0A%23TARGET%3A+%0A%23FEED%3A+http%3A//www.andreas-praefcke.de/temp/BEACON-PND-AustriaForum.txt%0A%23CONTACT%3A+Andreas+Praefcke+%3Cmail@andreas-praefcke.de%3E+http%3A//de.wikipedia.org/wiki/Benutzer%3AAndreasPraefcke/PND+%28Hinweis%3A+der+Ersteller+der+BEACON-Datei+steht+in+keiner+Verbindung+zum+Projekt+Austria-Forum%29%0A%23MESSAGE%3A+Biographie+im+Austria-Forum%0A%23DESCRIPTION%3A+Biographie+im+Austria-Forum%0A%23INSTITUTION%3A+TU+Graz%0A%23TIMESTAMP%3A+2012-04-20T10%3A00%0A%23REVISIT%3A+monthly%0A%23EXAMPLES%3A+118535315%7C118762141%0A%23REMARK%3A+Stand+der+aufgenommenen+Personen%3A+Oktober+2010%0A100166393%7CHermann%2C+Franz+Benedikt%7Chttp%3A//www.austria-lexikon.at/af/Wissenssammlungen/Biographien/Hermann%252C_Franz_Benedikt%0A101079702%7CZessner-Spitzenberg%2C+Hans+Karl+von%7Chttp%3A//www.austria-lexikon.at/af/Wissenssammlungen/Biographien/Zessner-Spitzenberg%252C%2520Hans%2520Karl%2520von%0A101348274%7CGabriel%2C+Alfons%7Chttp%3A//www.austria-lexikon.at/af/Wissenssammlungen/Biographien/Gabriel%252C_Alfons%0A102249725%7CStigler%2C+Robert%7Chttp%3A//www.austria-lexikon.at/af/Wissenssammlungen/Biographien/Stigler%252C_Robert%0A102427593%7CArlt%2C+Ferdinand+von%7Chttp%3A//www.austria-lexikon.at/af/Wissenssammlungen/Biographien/Arlt%252C_Ferdinand_von%0A102461759%7CDivi%EF%BF%BD%2C+Prokop%7Chttp%3A//www.austria-lexikon.at/af/Wissenssammlungen/Biographien/Divi%25C5%25A1%252C_Prokop%0A102506736%7CLeopold+von+%EF%BF%BDsterreich%7Chttp%3A//www.austria-lexikon.at/af/Wissenssammlungen/Biographien/Leopold%2520von%2520%25C3%2596sterreich%0A102661960%7CMauthner%2C+Ludwig%7Chttp%3A//www.austria-lexikon.at/af/Wissenssammlungen/Biographien/Mauthner%252C%2520Ludwig%0A104048220%7CWickenburg%2C+Eduard+Graf%7Chttp%3A//www.austria-lexikon.at/af/Wissenssammlungen/Biographien/Wickenburg%252C_Eduard_Graf%0A104208899%7CPohl%2C+Johann+Emanuel%7Chttp%3A//www.austria-lexikon.at/af/Wissenssammlungen/Biographien/Pohl%252C_Johann_Emanuel%0A104241160%7CR%EF%BF%BDllig%2C+Karl+Leopold%7Chttp%3A//www.austria-lexikon.at/af/Wissenssammlungen/Erfinder/R%25C3%25B6llig%252C%2520Karl%2520Leopold%0A104379006%7CRad%2C+Jacob+Christoph%7Chttp%3A//www.austria-lexikon.at/af/Wissenssammlungen/Erfinder/Rad%252C%2520Jacob%2520Christoph%0A104594896%7CDor%2C+Milo%7Chttp%3A//www.austria-lexikon.at/af/Wissenssammlungen/Biographien/Dor%252C_Milo%0A104604484%7CAntoine%2C+Tassilo%7Chttp%3A//www.austria-lexikon.at/af/Wissenssammlungen/Biographien/Antoine%252C%2520Tassilo%0A104632798%7CSafar%2C+Peter%7Chttp%3A//www.austria-lexikon.at/af/Wissenssammlungen/Biographien/Safar%252C_Peter%0A105334774%7COlshausen-Sch%EF%BF%BDnberger%2C+K%EF%BF%BDthe%7Chttp%3A//www.austria-lexikon.at/af/Wissenssammlungen/Biographien/Olshausen-Sch%25C3%25B6nberger%252C_K%25C3%25A4the%0A105714828%7CGiesl-Gieslingen%2C+Adolph%7Chttp%3A//www.austria-lexikon.at/af/Wissenssammlungen/Erfinder/Giesl-Gieslingen%252C%2520Adolph%0A105759597%7CHabeck%2C+Fritz%7Chttp%3A//www.austria-lexikon.at/af/Wissenssammlungen/Biographien/Habeck%252C_Fritz%0A106017705%7CSchwarzkopf%2C+Paul%7Chttp%3A//www.austria-lexikon.at/af/Wissenssammlungen/Erfinder/Schwarzkopf%252C%2520Paul%0A106442589%7CLukesch%2C+Anton%7Chttp%3A//www.austria-lexikon.at/af/Wissenssammlungen/Biographien/Lukesch%252C_Anton%0A106904558%7COttawa%2C+Theodor%7Chttp%3A//www.austria-lexikon.at/af/Wissenssammlungen/Biographien/Ottawa%252C%2520Theodor%0A107436280%7C%EF%BF%BDbelh%EF%BF%BDr%2C+Richard%7Chttp%3A//www.austria-lexikon.at/af/Wissenssammlungen/Biographien/%25C3%259Cbelh%25C3%25B6r%252C%2520Richard%0A107547724%7CLamarr%2C+Hedy%7Chttp%3A//www.austria-lexikon.at/af/Wissenssammlungen/Biographien/Lamarr%252C_Hedy%0A107616521%7CMissong%2C+Alfred+sen.%7Chttp%3A//www.austria-lexikon.at/af/Wissenssammlungen/Biographien/Missong%252C%2520Alfred%2520sen.%0A107654105%7COrthofer%2C+Peter%7Chttp%3A//www.austria-lexikon.at/af/Wissenssammlungen/Biographien/Orthofer%252C_Peter%0A107808056%7CWinter%2C+Ernst+Florian+%7Chttp%3A//www.austria-lexikon.at/af/Wissenssammlungen/Biographien/Ernst_Florian_Winter%0A108981924%7CKopetz%2C+Hermann%7Chttp%3A//www.austria-lexikon.at/af/Wissenssammlungen/Biographien/Kopetz%252C_Hermann%0A109429729%7CJontes%2C+G%EF%BF%BDnther%7Chttp%3A//www.austria-lexikon.at/af/Wissenssammlungen/Biographien/Jontes%252C_G%25C3%25BCnther%0A109480945%7CSteinhauer%2C+Erwin%7Chttp%3A//www.austria-lexikon.at/af/Wissenssammlungen/Biographien/Steinhauer%252C_Erwin%0A109898605%7CWegscheider%2C+Wolfhard%7Chttp%3A//www.austria-lexikon.at/af/Wissenssammlungen/Biographien/Wegscheider%252C_Wolfhard%0A110087925%7CPuntscher-Riekmann%2C+Sonja%7Chttp%3A//www.austria-lexikon.at/af/Wissenssammlungen/Biographien/Puntscher-Riekmann%252C_Sonja%0A110213416%7CS%EF%BF%BDnkel%2C+Hans%7Chttp%3A//www.austria-lexikon.at/af/Wissenssammlungen/Biographien/S%25C3%25BCnkel%252C_Hans%0A110676629%7CSchmied%2C+Claudia%7Chttp%3A//www.austria-lexikon.at/af/Wissenssammlungen/Biographien/Schmied%252C_Claudia%0A110677498%7CAsp%EF%BF%BDck%2C+Ruth%7Chttp%3A//www.austria-lexikon.at/af/Wissenssammlungen/Biographien/Asp%25C3%25B6ck%252C_Ruth%0A&active-editor=fix
read-dir
read-string
read-triples
record-to-entity
regex-decode	https://github.com/metafacture/metafacture-core/blob/398599cee058972c25fa20b24ab56103d4930379/metafacture-strings/src/main/java/org/metafacture/strings/RegexDecoder.java	https://metafacture.org/playground/?flux=inputFile%0A%7C+open-file%0A%7Cas-lines%7C%0A%23+only+catches+the+matching+records%0Aregex-decode%28%22%28%3F%3Cid%3E\\w%2A%29\\s.%2Agestorben%3D%28%3F%3Cdeath%3E\\d%2A%29\\s.%2Ageboren%3D%28%3F%3Cbirth%3E\\d%2A%29%7C%22%29%7C%0Aencode-formeta%7C%0Aprint%3B&data=100001823%09geboren%3D1765%09gestorben%3D1836%0A100004636%09gestorben%3D1825%0A100010423%09gestorben%3D1539%09geboren%3D1500%0A100018823%09gestorben%3D1854%09geboren%3D1798%0A100019935%09geboren%3D1675%09gestorben%3D1719%0A100043585%09gestorben%3D1838%09geboren%3D1756%0A100049621%09gestorben%3D1772%09geboren%3D1695%0A100053122%09gestorben%3D1810%09geboren%3D1762%0A100054188%09gestorben%3D1495%0A100059740%09geboren%3D1761%09gestorben%3D1833%0A100064663%09gestorben%3D1793%09geboren%3D1734%0A100067581%09gestorben%3D1595%09geboren%3D1546%0A100079776%09gestorben%3D1796%09geboren%3D1722%0A100094007%09gestorben%3D1834%09geboren%3D1759%0A100101364%09geboren%3D1694%0A100107613%09gestorben%3D1327%0A100125743%09gestorben%3D1813%09geboren%3D1744%0A100128157%09gestorben%3D1806%09geboren%3D1743%0A100149480%09gestorben%3D1514%0A100153119%09gestorben%3D1654%09geboren%3D1615%0A100157556%09gestorben%3D1859%09geboren%3D1799%0A100175368%09geboren%3D1576%09gestorben%3D1624%0A100177794%09gestorben%3D1778%09geboren%3D1715%0A100187323%09gestorben%3D1754%09geboren%3D1714%0A100189741%09gestorben%3D366%0A100229476%09geboren%3D1768%09gestorben%3D1824%0A100231535%09gestorben%3D1608%0A100232205%09gestorben%3D1852%09geboren%3D1794%0A100252869%09gestorben%3D1834%09geboren%3D1741%0A100253016%09geboren%3D1620%0A100277209%09gestorben%3D1744%09geboren%3D1684%0A100281141%09gestorben%3D1762%0A100295355%09geboren%3D1449%09gestorben%3D1519%0A100309739%09gestorben%3D1674%09geboren%3D1612%0A100310966%09gestorben%3D1820%0A100316514%09gestorben%3D1839%09geboren%3D1757%0A&active-editor=morph
remodel-pica-multiscript
reorder-triple
reset-object-batch
retrieve-triple-objects
sort-triples
split-lines
split-xml-elements
stream-count
stream-tee
stream-to-triples
stream-to-xml
string-list-map-to-stream
template
thread-object-tee
to-jdom-document
triples-to-stream
validate-json
wait-for-inputs
write
write-files
write-triple-objects
write-triples
write-xml-files
xml-tee